continent,country,year,pop,lifeExp,gdpPercap
JAMMU AND KASHMIR,JAMMU AND KASHMIR,2001,10143700,55.5,0.276033400041405
JAMMU AND KASHMIR,JAMMU AND KASHMIR,2002,10384222.6,56.824,0.404459742609909
JAMMU AND KASHMIR,JAMMU AND KASHMIR,2003,10624745.2,58.148,0.461187530407788
JAMMU AND KASHMIR,JAMMU AND KASHMIR,2004,10865267.8,59.472,0.322127357044987
JAMMU AND KASHMIR,JAMMU AND KASHMIR,2005,11105790.4,60.796,0.513245774924764
JAMMU AND KASHMIR,JAMMU AND KASHMIR,2006,11346313,62.12,0.749142034068688
JAMMU AND KASHMIR,JAMMU AND KASHMIR,2007,11586835.6,63.444,0.224392585668515
JAMMU AND KASHMIR,JAMMU AND KASHMIR,2008,11827358.2,64.768,0.084549734868096
JAMMU AND KASHMIR,JAMMU AND KASHMIR,2009,12067880.8,66.092,0.149156262796364
JAMMU AND KASHMIR,JAMMU AND KASHMIR,2010,12308403.4,67.416,0.138117020116517
JAMMU AND KASHMIR,JAMMU AND KASHMIR,2011,12548926,68.74,0.199220236058448
JAMMU AND KASHMIR,JAMMU AND KASHMIR,2012,12789448.6,70.064,0.31275781506327
HIMACHAL PRADESH,HIMACHAL PRADESH,2001,6077900,76.5,1.34915019990457
HIMACHAL PRADESH,HIMACHAL PRADESH,2002,6155760.9,77.228,1.47829003559901
HIMACHAL PRADESH,HIMACHAL PRADESH,2003,6233621.8,77.956,1.74858218058721
HIMACHAL PRADESH,HIMACHAL PRADESH,2004,6311482.7,78.684,1.45766065396963
HIMACHAL PRADESH,HIMACHAL PRADESH,2005,6389343.6,79.412,2.05028885909344
HIMACHAL PRADESH,HIMACHAL PRADESH,2006,6467204.5,80.14,2.10291788360798
HIMACHAL PRADESH,HIMACHAL PRADESH,2007,6545065.4,80.868,2.30708160685453
HIMACHAL PRADESH,HIMACHAL PRADESH,2008,6622926.3,81.596,3.09530848923987
HIMACHAL PRADESH,HIMACHAL PRADESH,2009,6700787.2,82.324,3.29811995820431
HIMACHAL PRADESH,HIMACHAL PRADESH,2010,6778648.1,83.052,3.62904219795685
HIMACHAL PRADESH,HIMACHAL PRADESH,2011,6856509,83.78,3.80660187276061
HIMACHAL PRADESH,HIMACHAL PRADESH,2012,6934369.9,84.508,3.83596496633385
PUNJAB,PUNJAB,2001,24358999,69.7,0.504946857627442
PUNJAB,PUNJAB,2002,24693522.7,70.398,0.651992840211494
PUNJAB,PUNJAB,2003,25028046.4,71.096,0.735175239246799
PUNJAB,PUNJAB,2004,25362570.1,71.794,0.760963889854365
PUNJAB,PUNJAB,2005,25697093.8,72.492,0.817213034417145
PUNJAB,PUNJAB,2006,26031617.5,73.19,1.26384770366267
PUNJAB,PUNJAB,2007,26366141.2,73.888,1.99877561150283
PUNJAB,PUNJAB,2008,26700664.9,74.586,1.45689255850704
PUNJAB,PUNJAB,2009,27035188.6,75.284,2.69648572009592
PUNJAB,PUNJAB,2010,27369712.3,75.982,2.29085345555496
PUNJAB,PUNJAB,2011,27704236,76.68,2.24514402779416
PUNJAB,PUNJAB,2012,28038759.7,77.378,3.12781310365879
CHANDIGARH,CHANDIGARH,2001,900635,81.9,6.43990073670244
CHANDIGARH,CHANDIGARH,2002,916040.1,82.353,5.34911080857705
CHANDIGARH,CHANDIGARH,2003,931445.2,82.806,4.29440186067844
CHANDIGARH,CHANDIGARH,2004,946850.3,83.259,6.97047886028024
CHANDIGARH,CHANDIGARH,2005,962255.4,83.712,5.92358328152796
CHANDIGARH,CHANDIGARH,2006,977660.5,84.165,6.54623972227578
CHANDIGARH,CHANDIGARH,2007,993065.6,84.618,5.33700895489684
CHANDIGARH,CHANDIGARH,2008,1008470.7,85.071,6.54456297044624
CHANDIGARH,CHANDIGARH,2009,1023875.8,85.524,6.93443482109842
CHANDIGARH,CHANDIGARH,2010,1039280.9,85.977,5.67700224260833
CHANDIGARH,CHANDIGARH,2011,1054686,86.43,7.016306275043
CHANDIGARH,CHANDIGARH,2012,1070091.1,86.883,8.97119880727912
UTTARAKHAND,UTTARAKHAND,2001,8489349,71.6,0.541855447337599
UTTARAKHAND,UTTARAKHAND,2002,8652089.3,72.403,0.312063353298954
UTTARAKHAND,UTTARAKHAND,2003,8814829.6,73.206,0.260923932097337
UTTARAKHAND,UTTARAKHAND,2004,8977569.9,74.009,0.634915691383255
UTTARAKHAND,UTTARAKHAND,2005,9140310.2,74.812,0.831481627395972
UTTARAKHAND,UTTARAKHAND,2006,9303050.5,75.615,0.548207278892015
UTTARAKHAND,UTTARAKHAND,2007,9465790.8,76.418,1.06700012850485
UTTARAKHAND,UTTARAKHAND,2008,9628531.1,77.221,0.39466040671562
UTTARAKHAND,UTTARAKHAND,2009,9791271.4,78.024,0.337034881905122
UTTARAKHAND,UTTARAKHAND,2010,9954011.7,78.827,0.311432223854027
UTTARAKHAND,UTTARAKHAND,2011,10116752,79.63,0.820421415885256
UTTARAKHAND,UTTARAKHAND,2012,10279492.3,80.433,1.18682904213081
HARYANA,HARYANA,2001,21144564,67.9,1.71675329886206
HARYANA,HARYANA,2002,21565415.7,68.774,1.08970772123813
HARYANA,HARYANA,2003,21986267.4,69.648,1.30536027229433
HARYANA,HARYANA,2004,22407119.1,70.522,0.73191024365109
HARYANA,HARYANA,2005,22827970.8,71.396,1.6383409777272
HARYANA,HARYANA,2006,23248822.5,72.27,1.9871974161272
HARYANA,HARYANA,2007,23669674.2,73.144,1.37306494907311
HARYANA,HARYANA,2008,24090525.9,74.018,1.11662153460917
HARYANA,HARYANA,2009,24511377.6,74.892,1.44014753377223
HARYANA,HARYANA,2010,24932229.3,75.766,1.21529445423478
HARYANA,HARYANA,2011,25353081,76.64,1.10440226180006
HARYANA,HARYANA,2012,25773932.7,77.514,3.93808741496403
DELHI,DELHI,2001,13850507,81.7,6.58459650610624
DELHI,DELHI,2002,14140779.8,82.164,4.9290068147444
DELHI,DELHI,2003,14431052.6,82.628,3.57562275117755
DELHI,DELHI,2004,14721325.4,83.092,5.2033358355084
DELHI,DELHI,2005,15011598.2,83.556,6.8347153069951
DELHI,DELHI,2006,15301871,84.02,14.1159208569985
DELHI,DELHI,2007,15592143.8,84.484,12.9488287556712
DELHI,DELHI,2008,15882416.6,84.948,11.6732865450715
DELHI,DELHI,2009,16172689.4,85.412,17.5542850652904
DELHI,DELHI,2010,16462962.2,85.876,22.0494948351397
DELHI,DELHI,2011,16753235,86.34,25.3682348513586
DELHI,DELHI,2012,17043507.8,86.804,26.1800566665038
RAJASTHAN,RAJASTHAN,2001,56507188,60.4,0.385791627075833
RAJASTHAN,RAJASTHAN,2002,57718570.4,61.066,0.353439107355299
RAJASTHAN,RAJASTHAN,2003,58929952.8,61.732,0.407263180431395
RAJASTHAN,RAJASTHAN,2004,60141335.2,62.398,0.670088215800038
RAJASTHAN,RAJASTHAN,2005,61352717.6,63.064,0.945353397027029
RAJASTHAN,RAJASTHAN,2006,62564100,63.73,1.52004104590332
RAJASTHAN,RAJASTHAN,2007,63775482.4,64.396,1.96313685586485
RAJASTHAN,RAJASTHAN,2008,64986864.8,65.062,1.88191875968142
RAJASTHAN,RAJASTHAN,2009,66198247.2,65.728,2.12543391934402
RAJASTHAN,RAJASTHAN,2010,67409629.6,66.394,1.95521026865277
RAJASTHAN,RAJASTHAN,2011,68621012,67.06,2.17280386363291
RAJASTHAN,RAJASTHAN,2012,69832394.4,67.726,2.58762429031074
UTTAR PRADESH,UTTAR PRADESH,2001,166197921,56.3,2.23167653222329
UTTAR PRADESH,UTTAR PRADESH,2002,169536276.6,57.642,1.07705562291439
UTTAR PRADESH,UTTAR PRADESH,2003,172874632.2,58.984,0.98452848653407
UTTAR PRADESH,UTTAR PRADESH,2004,176212987.8,60.326,1.09015800934056
UTTAR PRADESH,UTTAR PRADESH,2005,179551343.4,61.668,1.00305570868817
UTTAR PRADESH,UTTAR PRADESH,2006,182889699,63.01,0.96615610920766
UTTAR PRADESH,UTTAR PRADESH,2007,186228054.6,64.352,1.20712209813311
UTTAR PRADESH,UTTAR PRADESH,2008,189566410.2,65.694,2.15122499587219
UTTAR PRADESH,UTTAR PRADESH,2009,192904765.8,67.036,1.59923472455754
UTTAR PRADESH,UTTAR PRADESH,2010,196243121.4,68.378,1.18832190568693
UTTAR PRADESH,UTTAR PRADESH,2011,199581477,69.72,2.75576675885608
UTTAR PRADESH,UTTAR PRADESH,2012,202919832.6,71.062,2.97309529714248
BIHAR,BIHAR,2001,82998509,47,0.100001796417813
BIHAR,BIHAR,2002,85079121.8,48.682,0.066996460229095
BIHAR,BIHAR,2003,87159734.6,50.364,0.064249851444591
BIHAR,BIHAR,2004,89240347.4,52.046,0.066113592919518
BIHAR,BIHAR,2005,91320960.2,53.728,0.1259294687092
BIHAR,BIHAR,2006,93401573,55.41,0.070662621495679
BIHAR,BIHAR,2007,95482185.8,57.092,0.706938152226507
BIHAR,BIHAR,2008,97562798.6,58.774,0.785135329236035
BIHAR,BIHAR,2009,99643411.4,60.456,1.01963590540016
BIHAR,BIHAR,2010,101724024.2,62.138,1.8117647374788
BIHAR,BIHAR,2011,103804637,63.82,2.15115631106152
BIHAR,BIHAR,2012,105885249.8,65.502,2.7331474454339
SIKKIM,SIKKIM,2001,540851,68.8,0.924469031211923
SIKKIM,SIKKIM,2002,547534.7,70.14,1.09582095892735
SIKKIM,SIKKIM,2003,554218.4,71.48,2.70651425503015
SIKKIM,SIKKIM,2004,560902.1,72.82,1.42627385420736
SIKKIM,SIKKIM,2005,567585.8,74.16,4.40462041157478
SIKKIM,SIKKIM,2006,574269.5,75.5,6.09469943989712
SIKKIM,SIKKIM,2007,580953.2,76.84,5.3360580508034
SIKKIM,SIKKIM,2008,587636.9,78.18,4.0841546880395
SIKKIM,SIKKIM,2009,594320.6,79.52,6.7303741448639
SIKKIM,SIKKIM,2010,601004.3,80.86,4.82525665789746
SIKKIM,SIKKIM,2011,607688,82.2,4.77218572688617
SIKKIM,SIKKIM,2012,614371.7,83.54,4.88303741855297
ARUNACHAL PRADESH,ARUNACHAL PRADESH,2001,1097968,54.3,0
ARUNACHAL PRADESH,ARUNACHAL PRADESH,2002,1126432.3,55.565,0.532655180431172
ARUNACHAL PRADESH,ARUNACHAL PRADESH,2003,1154896.6,56.83,1.55858108855806
ARUNACHAL PRADESH,ARUNACHAL PRADESH,2004,1183360.9,58.095,1.85911162013212
ARUNACHAL PRADESH,ARUNACHAL PRADESH,2005,1211825.2,59.36,1.81544334942036
ARUNACHAL PRADESH,ARUNACHAL PRADESH,2006,1240289.5,60.625,2.17691111631599
ARUNACHAL PRADESH,ARUNACHAL PRADESH,2007,1268753.8,61.89,0.31526999170367
ARUNACHAL PRADESH,ARUNACHAL PRADESH,2008,1297218.1,63.155,1.85011294554092
ARUNACHAL PRADESH,ARUNACHAL PRADESH,2009,1325682.4,64.42,2.48928400950333
ARUNACHAL PRADESH,ARUNACHAL PRADESH,2010,1354146.7,65.685,1.47694485390689
ARUNACHAL PRADESH,ARUNACHAL PRADESH,2011,1382611,66.95,2.53144232180997
ARUNACHAL PRADESH,ARUNACHAL PRADESH,2012,1411075.3,68.215,2.76384966840536
NAGALAND,NAGALAND,2001,1990036,66.6,0
NAGALAND,NAGALAND,2002,1989092.6,67.951,0
NAGALAND,NAGALAND,2003,1988149.2,69.302,0
NAGALAND,NAGALAND,2004,1987205.8,70.653,0.050321914318084
NAGALAND,NAGALAND,2005,1986262.4,72.004,0
NAGALAND,NAGALAND,2006,1985319,73.355,0
NAGALAND,NAGALAND,2007,1984375.6,74.706,0.70551159770358
NAGALAND,NAGALAND,2008,1983432.2,76.057,0.352923583674804
NAGALAND,NAGALAND,2009,1982488.8,77.408,0.151324940650358
NAGALAND,NAGALAND,2010,1981545.4,78.759,0
NAGALAND,NAGALAND,2011,1980602,80.11,0.504896995963853
NAGALAND,NAGALAND,2012,1979658.6,81.461,1.01027520603805
MANIPUR,MANIPUR,2001,2166788,70.5,0
MANIPUR,MANIPUR,2002,2222284.8,71.435,0
MANIPUR,MANIPUR,2003,2277781.6,72.37,1.58048515274687
MANIPUR,MANIPUR,2004,2333278.4,73.305,1.32860270767518
MANIPUR,MANIPUR,2005,2388775.2,74.24,0.837249147596643
MANIPUR,MANIPUR,2006,2444272,75.175,2.2092467614079
MANIPUR,MANIPUR,2007,2499768.8,76.11,1.96018127756455
MANIPUR,MANIPUR,2008,2555265.6,77.045,3.48300388030113
MANIPUR,MANIPUR,2009,2610762.4,77.98,2.75781511178497
MANIPUR,MANIPUR,2010,2666259.2,78.915,2.73791835392448
MANIPUR,MANIPUR,2011,2721756,79.85,3.19646581104258
MANIPUR,MANIPUR,2012,2777252.8,80.785,3.74470771980138
MIZORAM,MIZORAM,2001,888573,88.8,0
MIZORAM,MIZORAM,2002,908817.1,89.078,0
MIZORAM,MIZORAM,2003,929061.2,89.356,1.82980410763037
MIZORAM,MIZORAM,2004,949305.3,89.634,0
MIZORAM,MIZORAM,2005,969549.4,89.912,7.63241150992409
MIZORAM,MIZORAM,2006,989793.5,90.19,3.53609111395458
MIZORAM,MIZORAM,2007,1010037.6,90.468,6.33639777370664
MIZORAM,MIZORAM,2008,1030281.7,90.746,2.1353383254308
MIZORAM,MIZORAM,2009,1050525.8,91.024,1.33266598497629
MIZORAM,MIZORAM,2010,1070769.9,91.302,4.66953731142424
MIZORAM,MIZORAM,2011,1091014,91.58,4.76620831630025
MIZORAM,MIZORAM,2012,1111258.1,91.858,8.54886907011071
TRIPURA,TRIPURA,2001,3199203,73.2,0
TRIPURA,TRIPURA,2002,3246385.9,74.655,0
TRIPURA,TRIPURA,2003,3293568.8,76.11,0
TRIPURA,TRIPURA,2004,3340751.7,77.565,1.76606959445684
TRIPURA,TRIPURA,2005,3387934.6,79.02,0.826462234542544
TRIPURA,TRIPURA,2006,3435117.5,80.475,1.19355451451078
TRIPURA,TRIPURA,2007,3482300.4,81.93,1.80914891776712
TRIPURA,TRIPURA,2008,3529483.3,83.385,4.61823972931109
TRIPURA,TRIPURA,2009,3576666.2,84.84,4.55731653124354
TRIPURA,TRIPURA,2010,3623849.1,86.295,6.26405773904879
TRIPURA,TRIPURA,2011,3671032,87.75,2.77851023908263
TRIPURA,TRIPURA,2012,3718214.9,89.205,0.537892524716632
MEGHALAYA,MEGHALAYA,2001,2318822,62.6,0
MEGHALAYA,MEGHALAYA,2002,2383340.5,63.888,0.041957915790883
MEGHALAYA,MEGHALAYA,2003,2447859,65.176,1.87919320516419
MEGHALAYA,MEGHALAYA,2004,2512377.5,66.464,0
MEGHALAYA,MEGHALAYA,2005,2576896,67.752,3.14331661037155
MEGHALAYA,MEGHALAYA,2006,2641414.5,69.04,2.68795374599481
MEGHALAYA,MEGHALAYA,2007,2705933,70.328,2.62386393159032
MEGHALAYA,MEGHALAYA,2008,2770451.5,71.616,2.2379023780059
MEGHALAYA,MEGHALAYA,2009,2834970,72.904,2.92772057552637
MEGHALAYA,MEGHALAYA,2010,2899488.5,74.192,3.79377259126912
MEGHALAYA,MEGHALAYA,2011,2964007,75.48,3.50876364327075
MEGHALAYA,MEGHALAYA,2012,3028525.5,76.768,3.00476254863959
ASSAM,ASSAM,2001,26655528,63.3,0.067528206531868
ASSAM,ASSAM,2002,27106902.4,64.288,0.051647361964899
ASSAM,ASSAM,2003,27558276.8,65.276,0.0689448042702
ASSAM,ASSAM,2004,28009651.2,66.264,0.074974157478976
ASSAM,ASSAM,2005,28461025.6,67.252,0.69920178842747
ASSAM,ASSAM,2006,28912400,68.24,0.871598345346633
ASSAM,ASSAM,2007,29363774.4,69.228,0.568727976605078
ASSAM,ASSAM,2008,29815148.8,70.216,0.613781944298061
ASSAM,ASSAM,2009,30266523.2,71.204,0.145375138430172
ASSAM,ASSAM,2010,30717897.6,72.192,0.641319931999513
ASSAM,ASSAM,2011,31169272,73.18,0.757155957957568
ASSAM,ASSAM,2012,31620646.4,74.168,1.23969635231745
WEST BENGAL,WEST BENGAL,2001,80176197,68.6,0.208291246340856
WEST BENGAL,WEST BENGAL,2002,81293350.9,69.448,0.215269758304427
WEST BENGAL,WEST BENGAL,2003,82410504.8,70.296,0.179588755534476
WEST BENGAL,WEST BENGAL,2004,83527658.7,71.144,0.246624894323777
WEST BENGAL,WEST BENGAL,2005,84644812.6,71.992,0.278812124158451
WEST BENGAL,WEST BENGAL,2006,85761966.5,72.84,0.503719792852464
WEST BENGAL,WEST BENGAL,2007,86879120.4,73.688,0.41551986062695
WEST BENGAL,WEST BENGAL,2008,87996274.3,74.536,0.582979227337583
WEST BENGAL,WEST BENGAL,2009,89113428.2,75.384,0.543128022090839
WEST BENGAL,WEST BENGAL,2010,90230582.1,76.232,0.975279089992704
WEST BENGAL,WEST BENGAL,2011,91347736,77.08,1.58734092763941
WEST BENGAL,WEST BENGAL,2012,92464889.9,77.928,1.84502463783283
JHARKHAND,JHARKHAND,2001,26945829,53.6,0.15215712977322
JHARKHAND,JHARKHAND,2002,27547869.9,55.003,0.40293496521849
JHARKHAND,JHARKHAND,2003,28149910.8,56.406,0.124334319382639
JHARKHAND,JHARKHAND,2004,28751951.7,57.809,0.389538773466985
JHARKHAND,JHARKHAND,2005,29353992.6,59.212,0.330449085144213
JHARKHAND,JHARKHAND,2006,29956033.5,60.615,0.373881275035962
JHARKHAND,JHARKHAND,2007,30558074.4,62.018,0.242161855591267
JHARKHAND,JHARKHAND,2008,31160115.3,63.421,0.227855382807265
JHARKHAND,JHARKHAND,2009,31762156.2,64.824,0.18890405179734
JHARKHAND,JHARKHAND,2010,32364197.1,66.227,0.166851041702499
JHARKHAND,JHARKHAND,2011,32966238,67.63,0.257839550876263
JHARKHAND,JHARKHAND,2012,33568278.9,69.033,0.336627327056676
ODISHA,ODISHA,2001,36804660,53.6,0.184759212556236
ODISHA,ODISHA,2002,37321615.8,55.585,0.15004709415609
ODISHA,ODISHA,2003,37838571.6,57.57,0.369992824993425
ODISHA,ODISHA,2004,38355527.4,59.555,0.336327013978173
ODISHA,ODISHA,2005,38872483.2,61.54,0.221236187967534
ODISHA,ODISHA,2006,39389439,63.525,0.390967741378596
ODISHA,ODISHA,2007,39906394.8,65.51,0.503678673574392
ODISHA,ODISHA,2008,40423350.6,67.495,0.348808294975924
ODISHA,ODISHA,2009,40940306.4,69.48,0.473860645068353
ODISHA,ODISHA,2010,41457262.2,71.465,0.46795178867359
ODISHA,ODISHA,2011,41974218,73.45,0.750460675646179
ODISHA,ODISHA,2012,42491173.8,75.435,0.983733708952046
CHHATTISGARH,CHHATTISGARH,2001,20833803,64.7,2.80793669787508
CHHATTISGARH,CHHATTISGARH,2002,21304442.3,65.334,3.44059698760573
CHHATTISGARH,CHHATTISGARH,2003,21775081.6,65.968,2.8197368500332
CHHATTISGARH,CHHATTISGARH,2004,22245720.9,66.602,4.22553175159183
CHHATTISGARH,CHHATTISGARH,2005,22716360.2,67.236,4.38890733912557
CHHATTISGARH,CHHATTISGARH,2006,23186999.5,67.87,5.33919880405397
CHHATTISGARH,CHHATTISGARH,2007,23657638.8,68.504,4.32841167564026
CHHATTISGARH,CHHATTISGARH,2008,24128278.1,69.138,4.83664849668655
CHHATTISGARH,CHHATTISGARH,2009,24598917.4,69.772,5.37015502966809
CHHATTISGARH,CHHATTISGARH,2010,25069556.7,70.406,5.83576334239688
CHHATTISGARH,CHHATTISGARH,2011,25540196,71.04,6.97723697970055
CHHATTISGARH,CHHATTISGARH,2012,26010835.3,71.674,7.23160167024701
MADHYA PRADESH,MADHYA PRADESH,2001,60348023,63.7,2.3613035343345
MADHYA PRADESH,MADHYA PRADESH,2002,61572977.2,64.393,3.78250347134424
MADHYA PRADESH,MADHYA PRADESH,2003,62797931.4,65.086,4.23899313345853
MADHYA PRADESH,MADHYA PRADESH,2004,64022885.6,65.779,5.70577218718801
MADHYA PRADESH,MADHYA PRADESH,2005,65247839.8,66.472,5.7028707945056
MADHYA PRADESH,MADHYA PRADESH,2006,66472794,67.165,5.92573256361091
MADHYA PRADESH,MADHYA PRADESH,2007,67697748.2,67.858,6.33699068885721
MADHYA PRADESH,MADHYA PRADESH,2008,68922702.4,68.551,6.17938625691496
MADHYA PRADESH,MADHYA PRADESH,2009,70147656.6,69.244,6.62317207044091
MADHYA PRADESH,MADHYA PRADESH,2010,71372610.8,69.937,6.88219184494229
MADHYA PRADESH,MADHYA PRADESH,2011,72597565,70.63,6.03463766312272
MADHYA PRADESH,MADHYA PRADESH,2012,73822519.2,71.323,7.0005738845065
GUJARAT,GUJARAT,2001,50671017,69.1,1.12885044324253
GUJARAT,GUJARAT,2002,51642278.1,70.121,1.37484252461744
GUJARAT,GUJARAT,2003,52613539.2,71.142,1.2639332196835
GUJARAT,GUJARAT,2004,53584800.3,72.163,1.49109448113405
GUJARAT,GUJARAT,2005,54556061.4,73.184,1.53236868378479
GUJARAT,GUJARAT,2006,55527322.5,74.205,1.75949416613776
GUJARAT,GUJARAT,2007,56498583.6,75.226,1.96465102180013
GUJARAT,GUJARAT,2008,57469844.7,76.247,1.86880616366099
GUJARAT,GUJARAT,2009,58441105.8,77.268,1.65636838445997
GUJARAT,GUJARAT,2010,59412366.9,78.289,1.6932501640496
GUJARAT,GUJARAT,2011,60383628,79.31,1.87302425750238
GUJARAT,GUJARAT,2012,61354889.1,80.331,2.16282682515679
DAMAN AND DIU,DAMAN AND DIU,2001,158204,78.2,0
DAMAN AND DIU,DAMAN AND DIU,2002,166674.7,79.087,0
DAMAN AND DIU,DAMAN AND DIU,2003,175145.4,79.974,3.42572514036909
DAMAN AND DIU,DAMAN AND DIU,2004,183616.1,80.861,1.08922910354811
DAMAN AND DIU,DAMAN AND DIU,2005,192086.8,81.748,2.6029898983168
DAMAN AND DIU,DAMAN AND DIU,2006,200557.5,82.635,1.49583037283572
DAMAN AND DIU,DAMAN AND DIU,2007,209028.2,83.522,1.43521304780886
DAMAN AND DIU,DAMAN AND DIU,2008,217498.9,84.409,1.83908976091373
DAMAN AND DIU,DAMAN AND DIU,2009,225969.6,85.296,0.885074806522647
DAMAN AND DIU,DAMAN AND DIU,2010,234440.3,86.183,0.853095649510771
DAMAN AND DIU,DAMAN AND DIU,2011,242911,87.07,1.23502023374816
DAMAN AND DIU,DAMAN AND DIU,2012,251381.7,87.957,3.18241144840694
DADRA NAGAR HAVELI,DADRA NAGAR HAVELI,2001,220490,57.6,0
DADRA NAGAR HAVELI,DADRA NAGAR HAVELI,2002,232726.3,59.605,0
DADRA NAGAR HAVELI,DADRA NAGAR HAVELI,2003,244962.6,61.61,0.408225582190914
DADRA NAGAR HAVELI,DADRA NAGAR HAVELI,2004,257198.9,63.615,4.27684566302578
DADRA NAGAR HAVELI,DADRA NAGAR HAVELI,2005,269435.2,65.62,1.85573377197931
DADRA NAGAR HAVELI,DADRA NAGAR HAVELI,2006,281671.5,67.625,5.32535240519541
DADRA NAGAR HAVELI,DADRA NAGAR HAVELI,2007,293907.8,69.63,3.74267032042021
DADRA NAGAR HAVELI,DADRA NAGAR HAVELI,2008,306144.1,71.635,5.55294059235504
DADRA NAGAR HAVELI,DADRA NAGAR HAVELI,2009,318380.4,73.64,3.45498655067963
DADRA NAGAR HAVELI,DADRA NAGAR HAVELI,2010,330616.7,75.645,3.93204577990162
DADRA NAGAR HAVELI,DADRA NAGAR HAVELI,2011,342853,77.65,3.20837210116289
DADRA NAGAR HAVELI,DADRA NAGAR HAVELI,2012,355089.3,79.655,2.25295439766842
MAHARASHTRA,MAHARASHTRA,2001,96878627,76.9,1.67322767693642
MAHARASHTRA,MAHARASHTRA,2002,98428061.5,77.501,1.88970500043832
MAHARASHTRA,MAHARASHTRA,2003,99977496,78.102,2.00145040639946
MAHARASHTRA,MAHARASHTRA,2004,101526930.5,78.703,2.24669453588967
MAHARASHTRA,MAHARASHTRA,2005,103076365,79.304,2.23620613707129
MAHARASHTRA,MAHARASHTRA,2006,104625799.5,79.905,2.71539143650702
MAHARASHTRA,MAHARASHTRA,2007,106175234,80.506,2.54955877940424
MAHARASHTRA,MAHARASHTRA,2008,107724668.5,81.107,2.51474433639125
MAHARASHTRA,MAHARASHTRA,2009,109274103,81.708,2.64838595838211
MAHARASHTRA,MAHARASHTRA,2010,110823537.5,82.309,2.94522271498507
MAHARASHTRA,MAHARASHTRA,2011,112372972,82.91,2.99182262439406
MAHARASHTRA,MAHARASHTRA,2012,113922406.5,83.511,3.03364378104144
ANDHRA PRADESH,ANDHRA PRADESH,2001,76210007,60.5,0.35428418212847
ANDHRA PRADESH,ANDHRA PRADESH,2002,77055559.6,61.216,0.432155709112519
ANDHRA PRADESH,ANDHRA PRADESH,2003,77901112.2,61.932,1.87802196744503
ANDHRA PRADESH,ANDHRA PRADESH,2004,78746664.8,62.648,1.6864206292074
ANDHRA PRADESH,ANDHRA PRADESH,2005,79592217.4,63.364,1.19358403501396
ANDHRA PRADESH,ANDHRA PRADESH,2006,80437770,64.08,1.72307113934163
ANDHRA PRADESH,ANDHRA PRADESH,2007,81283322.6,64.796,1.84416673931585
ANDHRA PRADESH,ANDHRA PRADESH,2008,82128875.2,65.512,1.60844769489793
ANDHRA PRADESH,ANDHRA PRADESH,2009,82974427.8,66.228,2.07172263259645
ANDHRA PRADESH,ANDHRA PRADESH,2010,83819980.4,66.944,2.17489910078767
ANDHRA PRADESH,ANDHRA PRADESH,2011,84665533,67.66,2.61381452591812
ANDHRA PRADESH,ANDHRA PRADESH,2012,85511085.6,68.376,2.65930432767187
KARNATAKA,KARNATAKA,2001,52850562,66.6,0.128664667747526
KARNATAKA,KARNATAKA,2002,53678576.2,67.5,0.2123752306232
KARNATAKA,KARNATAKA,2003,54506590.4,68.4,0.212818301692927
KARNATAKA,KARNATAKA,2004,55334604.6,69.3,0.34155841785847
KARNATAKA,KARNATAKA,2005,56162618.8,70.2,0.340083856630987
KARNATAKA,KARNATAKA,2006,56990633,71.1,0.484290111324084
KARNATAKA,KARNATAKA,2007,57818647.2,72,0.460059190039299
KARNATAKA,KARNATAKA,2008,58646661.4,72.9,0.661589237541832
KARNATAKA,KARNATAKA,2009,59474675.6,73.8,0.517867473664707
KARNATAKA,KARNATAKA,2010,60302689.8,74.7,0.678245035762899
KARNATAKA,KARNATAKA,2011,61130704,75.6,0.546370282272555
KARNATAKA,KARNATAKA,2012,61958718.2,76.5,1.4122306358494
GOA,GOA,2001,1347668,82,2.52287655416616
GOA,GOA,2002,1358673.5,82.54,2.28163719981291
GOA,GOA,2003,1369679,83.08,4.16155902222346
GOA,GOA,2004,1380684.5,83.62,3.83867567137894
GOA,GOA,2005,1391690,84.16,3.80831938147145
GOA,GOA,2006,1402695.5,84.7,3.84973075054422
GOA,GOA,2007,1413701,85.24,4.9515420870467
GOA,GOA,2008,1424706.5,85.78,5.61519162016879
GOA,GOA,2009,1435712,86.32,6.4079704007489
GOA,GOA,2010,1446717.5,86.86,5.46063761584414
GOA,GOA,2011,1457723,87.4,5.14501040321104
GOA,GOA,2012,1468728.5,87.94,8.3065045718116
LAKSHADWEEP,LAKSHADWEEP,2001,60650,86.7,1.64880461665293
LAKSHADWEEP,LAKSHADWEEP,2002,61027.9,87.258,0
LAKSHADWEEP,LAKSHADWEEP,2003,61405.8,87.816,1.6285106618593
LAKSHADWEEP,LAKSHADWEEP,2004,61783.7,88.374,0
LAKSHADWEEP,LAKSHADWEEP,2005,62161.6,88.932,0
LAKSHADWEEP,LAKSHADWEEP,2006,62539.5,89.49,0
LAKSHADWEEP,LAKSHADWEEP,2007,62917.4,90.048,0
LAKSHADWEEP,LAKSHADWEEP,2008,63295.3,90.606,0
LAKSHADWEEP,LAKSHADWEEP,2009,63673.2,91.164,0
LAKSHADWEEP,LAKSHADWEEP,2010,64051.1,91.722,0
LAKSHADWEEP,LAKSHADWEEP,2011,64429,92.28,0
LAKSHADWEEP,LAKSHADWEEP,2012,64806.9,92.838,0
KERALA,KERALA,2001,31841374,90.9,0.775720293979776
KERALA,KERALA,2002,31996004.3,91.201,0.750093660913779
KERALA,KERALA,2003,32150634.6,91.502,0.55675417367967
KERALA,KERALA,2004,32305264.9,91.803,1.05555549863329
KERALA,KERALA,2005,32459895.2,92.104,1.18915972347317
KERALA,KERALA,2006,32614525.5,92.405,1.69556353042757
KERALA,KERALA,2007,32769155.8,92.706,1.4861536347543
KERALA,KERALA,2008,32923786.1,93.007,1.66748744610511
KERALA,KERALA,2009,33078416.4,93.308,1.77457104627294
KERALA,KERALA,2010,33233046.7,93.609,1.79339560823354
KERALA,KERALA,2011,33387677,93.91,4.34890992865422
KERALA,KERALA,2012,33542307.3,94.211,3.94725380147
TAMIL NADU,TAMIL NADU,2001,62405679,73.5,0.09774751429273
TAMIL NADU,TAMIL NADU,2002,63379006.9,74.183,0.213004284230904
TAMIL NADU,TAMIL NADU,2003,64352334.8,74.866,0.275048295528199
TAMIL NADU,TAMIL NADU,2004,65325662.7,75.549,0.601601244835133
TAMIL NADU,TAMIL NADU,2005,66298990.6,76.232,0.434395753832186
TAMIL NADU,TAMIL NADU,2006,67272318.5,76.915,0.524732918191306
TAMIL NADU,TAMIL NADU,2007,68245646.4,77.598,0.646195066298031
TAMIL NADU,TAMIL NADU,2008,69218974.3,78.281,0.962163925043888
TAMIL NADU,TAMIL NADU,2009,70192302.2,78.964,0.903232947387214
TAMIL NADU,TAMIL NADU,2010,71165630.1,79.647,1.13818988022984
TAMIL NADU,TAMIL NADU,2011,72138958,80.33,1.28224752012637
TAMIL NADU,TAMIL NADU,2012,73112285.9,81.013,1.41699850749708
PUDUCHERRY,PUDUCHERRY,2001,974345,81.2,0.513165254606941
PUDUCHERRY,PUDUCHERRY,2002,1001356.9,81.735,1.69769639576059
PUDUCHERRY,PUDUCHERRY,2003,1028368.8,82.27,0.486206893869203
PUDUCHERRY,PUDUCHERRY,2004,1055380.7,82.805,1.1370304573506
PUDUCHERRY,PUDUCHERRY,2005,1082392.6,83.34,0.739103353071704
PUDUCHERRY,PUDUCHERRY,2006,1109404.5,83.875,2.25346120373588
PUDUCHERRY,PUDUCHERRY,2007,1136416.4,84.41,2.0239060259954
PUDUCHERRY,PUDUCHERRY,2008,1163428.3,84.945,2.23477458817187
PUDUCHERRY,PUDUCHERRY,2009,1190440.2,85.48,1.7640533308603
PUDUCHERRY,PUDUCHERRY,2010,1217452.1,86.015,1.31422008307349
PUDUCHERRY,PUDUCHERRY,2011,1244464,86.55,1.20533820182826
PUDUCHERRY,PUDUCHERRY,2012,1271475.9,87.085,2.51676024689103
ANDAMAN AND NICOBAR ISLANDS,ANDAMAN AND NICOBAR ISLANDS,2001,356152,81.3,0
ANDAMAN AND NICOBAR ISLANDS,ANDAMAN AND NICOBAR ISLANDS,2002,358531.2,81.797,0
ANDAMAN AND NICOBAR ISLANDS,ANDAMAN AND NICOBAR ISLANDS,2003,360910.4,82.294,1.66246248376328
ANDAMAN AND NICOBAR ISLANDS,ANDAMAN AND NICOBAR ISLANDS,2004,363289.6,82.791,3.85367486435064
ANDAMAN AND NICOBAR ISLANDS,ANDAMAN AND NICOBAR ISLANDS,2005,365668.8,83.288,2.18777210415545
ANDAMAN AND NICOBAR ISLANDS,ANDAMAN AND NICOBAR ISLANDS,2006,368048,83.785,2.44533321740643
ANDAMAN AND NICOBAR ISLANDS,ANDAMAN AND NICOBAR ISLANDS,2007,370427.2,84.282,2.6995857755586
ANDAMAN AND NICOBAR ISLANDS,ANDAMAN AND NICOBAR ISLANDS,2008,372806.4,84.779,12.6070797067861
ANDAMAN AND NICOBAR ISLANDS,ANDAMAN AND NICOBAR ISLANDS,2009,375185.6,85.276,10.9279247391158
ANDAMAN AND NICOBAR ISLANDS,ANDAMAN AND NICOBAR ISLANDS,2010,377564.8,85.773,13.5076151166634
ANDAMAN AND NICOBAR ISLANDS,ANDAMAN AND NICOBAR ISLANDS,2011,379944,86.27,8.15909713010338
ANDAMAN AND NICOBAR ISLANDS,ANDAMAN AND NICOBAR ISLANDS,2012,382323.2,86.767,7.32364659011015
